ANO,INDUSTRIAL
1995,111626.16092999998
1996,117127.59543
1997,121717.133
1998,121979.1355
1999,123892.58842
2000,131278.17205
2001,122538.81122
2002,130927.33173999998
2003,136220.613
2004,156320.675381
2005,159662.49654900003
2006,163180.400829
2007,174368.774
2008,175834.05841
2009,161798.66149999996
2010,179478.3073
2011,183575.548
2012,183424.83924
2013,184684.557
2014,179105.67788
2015,169562.77962000004
2016,165602.8902
2017,167711.08671
2018,170041.48654999997
2019,167403.93686999998
